{"time_last_update":1776984022,"weights":{"frec":0.7,"rece":0.3},"init_weights":{"frec":0.7,"rece":0.3},"norms":{"rece":{"beta":0.001,"mean":2.2055558240553377,"var":1.9903147517185409},"frec":{"beta":0.001,"mean":20730.706168406497,"var":496.55863250424886}},"score_map":{"K-lgxy_ZQLqM":{"frec":5.218809106178047,"rece":2.6672049397983835,"final":4.453327856264147}}}